1474254882	F3:0,570	F4:0,1054	AF3:0,942	AF4:0,139	happy
1474254882	F3:0,577	F4:0,1105	AF3:0,949	AF4:0,143	happy
1474254882	F3:0,623	F4:0,969	AF3:0,972	AF4:0,151	happy
1474254882	F3:0,622	F4:0,838	AF3:0,974	AF4:0,149	happy
1474254882	F3:0,571	F4:0,797	AF3:0,952	AF4:0,139	happy
1474254882	F3:0,571	F4:0,707	AF3:0,958	AF4:0,155	happy
1474254882	F3:0,602	F4:0,724	AF3:0,976	AF4:0,180	happy
1474254882	F3:0,611	F4:0,693	AF3:0,974	AF4:0,175	happy
1474254882	F3:0,586	F4:0,492	AF3:0,960	AF4:0,157	happy
1474254882	F3:0,617	F4:0,602	AF3:0,985	AF4:0,171	happy
1474254882	F3:0,635	F4:0,588	AF3:0,998	AF4:0,170	happy
1474254882	F3:0,619	F4:0,502	AF3:0,982	AF4:0,150	happy
1474254882	F3:0,605	F4:0,740	AF3:0,965	AF4:0,147	happy
1474254882	F3:0,630	F4:0,963	AF3:0,974	AF4:0,162	happy
1474254882	F3:0,652	F4:0,1103	AF3:0,983	AF4:0,172	happy
1474254882	F3:0,674	F4:0,1250	AF3:0,997	AF4:0,184	happy
1474254882	F3:0,678	F4:0,1199	AF3:0,1006	AF4:0,181	happy
1474254882	F3:0,657	F4:0,1100	AF3:0,995	AF4:0,166	happy
1474254882	F3:0,649	F4:0,1071	AF3:0,991	AF4:0,165	happy
1474254882	F3:0,659	F4:0,928	AF3:0,993	AF4:0,166	happy
1474254882	F3:0,671	F4:0,817	AF3:0,987	AF4:0,177	happy
1474254882	F3:0,680	F4:0,931	AF3:0,981	AF4:0,196	happy
1474254882	F3:0,692	F4:0,854	AF3:0,984	AF4:0,201	happy
1474254882	F3:0,673	F4:0,637	AF3:0,969	AF4:0,194	happy
1474254882	F3:0,672	F4:0,716	AF3:0,967	AF4:0,196	happy
1474254882	F3:0,653	F4:0,646	AF3:0,966	AF4:0,180	happy
1474254882	F3:0,641	F4:0,599	AF3:0,961	AF4:0,164	happy
1474254882	F3:0,646	F4:0,620	AF3:0,959	AF4:0,165	happy
1474254882	F3:0,682	F4:0,668	AF3:0,975	AF4:0,173	happy
1474254882	F3:0,678	F4:0,1008	AF3:0,964	AF4:0,173	happy
1474254882	F3:0,672	F4:0,1235	AF3:0,953	AF4:0,178	happy
1474254882	F3:0,694	F4:0,1141	AF3:0,970	AF4:0,183	happy
1474254882	F3:0,711	F4:0,1206	AF3:0,983	AF4:0,191	happy
1474254882	F3:0,680	F4:0,1216	AF3:0,962	AF4:0,183	happy
1474254882	F3:0,649	F4:0,948	AF3:0,945	AF4:0,160	happy
1474254883	F3:0,663	F4:0,861	AF3:0,961	AF4:0,168	happy
1474254883	F3:0,660	F4:0,959	AF3:0,964	AF4:0,180	happy
1474254883	F3:0,661	F4:0,880	AF3:0,967	AF4:0,188	happy
1474254883	F3:0,666	F4:0,812	AF3:0,971	AF4:0,206	happy
1474254883	F3:0,645	F4:0,762	AF3:0,959	AF4:0,204	happy
1474254883	F3:0,602	F4:0,552	AF3:0,940	AF4:0,174	happy
1474254883	F3:0,614	F4:0,583	AF3:0,947	AF4:0,171	happy
1474254883	F3:11,619	F4:0,543	AF3:0,947	AF4:0,167	happy
1474254883	F3:11,624	F4:0,525	AF3:0,949	AF4:0,155	happy
1474254883	F3:11,634	F4:0,791	AF3:14,950	AF4:0,160	happy
1474254883	F3:11,650	F4:0,965	AF3:14,950	AF4:0,170	happy
1474254883	F3:11,653	F4:0,1073	AF3:14,944	AF4:0,169	happy
1474254883	F3:11,642	F4:0,1175	AF3:14,940	AF4:0,175	happy
1474254883	F3:11,614	F4:0,1063	AF3:14,929	AF4:0,164	happy
1474254883	F3:11,612	F4:0,981	AF3:14,927	AF4:0,151	happy
1474254883	F3:11,614	F4:0,969	AF3:14,929	AF4:0,155	happy
1474254883	F3:11,584	F4:0,780	AF3:14,920	AF4:0,149	happy
1474254883	F3:11,582	F4:0,653	AF3:14,924	AF4:0,156	happy
1474254883	F3:11,624	F4:0,812	AF3:14,942	AF4:6,181	happy
1474254883	F3:11,625	F4:0,736	AF3:14,945	AF4:6,180	happy
1474254883	F3:11,565	F4:8,472	AF3:14,917	AF4:6,160	happy
1474254883	F3:11,555	F4:8,539	AF3:14,909	AF4:6,162	happy
1474254883	F3:11,559	F4:8,498	AF3:14,910	AF4:6,152	happy
1474254883	F3:11,569	F4:8,483	AF3:14,920	AF4:6,140	happy
1474254883	F3:11,576	F4:8,523	AF3:14,919	AF4:6,142	happy
1474254883	F3:11,565	F4:8,532	AF3:14,908	AF4:6,135	happy
1474254883	F3:11,532	F4:8,868	AF3:14,884	AF4:6,130	happy
1474254883	F3:11,566	F4:8,1184	AF3:14,894	AF4:6,154	happy
1474254883	F3:11,591	F4:8,1078	AF3:14,909	AF4:6,156	happy
1474254883	F3:11,565	F4:8,1016	AF3:14,903	AF4:6,143	happy
1474254883	F3:11,555	F4:8,1053	AF3:14,895	AF4:6,143	happy
1474254883	F3:11,567	F4:8,870	AF3:14,900	AF4:6,134	happy
1474254883	F3:11,534	F4:8,643	AF3:14,896	AF4:6,122	happy
1474254883	F3:11,487	F4:8,593	AF3:14,874	AF4:6,123	happy
1474254883	F3:11,495	F4:8,529	AF3:14,869	AF4:6,132	happy
1474254883	F3:11,534	F4:8,558	AF3:14,893	AF4:6,152	happy
1474254883	F3:11,558	F4:8,580	AF3:14,912	AF4:6,166	happy
1474254883	F3:11,505	F4:8,347	AF3:14,878	AF4:6,135	happy
1474254883	F3:11,466	F4:8,327	AF3:14,852	AF4:6,113	happy
1474254883	F3:11,483	F4:8,304	AF3:14,867	AF4:6,115	happy
1474254883	F3:11,537	F4:8,346	AF3:14,902	AF4:6,124	happy
1474254883	F3:11,546	F4:8,674	AF3:14,893	AF4:6,128	happy
1474254883	F3:11,549	F4:8,896	AF3:14,882	AF4:6,133	happy
1474254883	F3:11,558	F4:8,1002	AF3:14,891	AF4:6,137	happy
1474254883	F3:11,577	F4:8,1129	AF3:14,906	AF4:6,152	happy
1474254883	F3:11,574	F4:8,1092	AF3:14,899	AF4:6,149	happy
1474254883	F3:11,547	F4:8,973	AF3:14,883	AF4:6,125	happy
1474254883	F3:11,519	F4:8,845	AF3:14,874	AF4:6,116	happy
1474254883	F3:11,541	F4:8,682	AF3:14,886	AF4:6,123	happy
1474254883	F3:11,576	F4:8,604	AF3:14,904	AF4:6,140	happy
1474254883	F3:11,553	F4:8,679	AF3:14,899	AF4:6,151	happy
1474254883	F3:11,545	F4:8,575	AF3:14,903	AF4:6,152	happy
1474254883	F3:11,555	F4:8,421	AF3:14,910	AF4:6,154	happy
1474254883	F3:11,554	F4:8,541	AF3:14,906	AF4:6,155	happy
1474254883	F3:11,535	F4:8,452	AF3:14,898	AF4:6,134	happy
1474254883	F3:11,545	F4:8,402	AF3:14,904	AF4:6,123	happy
1474254883	F3:11,525	F4:8,444	AF3:14,887	AF4:6,119	happy
1474254883	F3:11,520	F4:8,508	AF3:14,882	AF4:6,113	happy
1474254883	F3:11,557	F4:8,925	AF3:14,895	AF4:6,130	happy
1474254883	F3:11,590	F4:8,1236	AF3:14,904	AF4:6,158	happy
1474254883	F3:11,569	F4:8,1097	AF3:14,892	AF4:6,144	happy
1474254883	F3:11,562	F4:8,1037	AF3:14,890	AF4:6,135	happy
1474254883	F3:11,583	F4:8,1097	AF3:14,902	AF4:6,148	happy
1474254883	F3:11,591	F4:8,945	AF3:14,908	AF4:6,146	happy
1474254883	F3:11,595	F4:8,797	AF3:14,914	AF4:6,146	happy
1474254883	F3:11,619	F4:8,847	AF3:14,930	AF4:6,163	happy
1474254883	F3:11,622	F4:8,765	AF3:14,937	AF4:6,176	happy
1474254883	F3:11,599	F4:8,672	AF3:14,922	AF4:6,181	happy
1474254883	F3:11,625	F4:8,656	AF3:14,928	AF4:6,182	happy
1474254883	F3:11,627	F4:8,507	AF3:14,935	AF4:6,167	happy
1474254883	F3:11,607	F4:8,548	AF3:14,936	AF4:6,162	happy
1474254883	F3:11,581	F4:8,445	AF3:14,923	AF4:6,149	happy
1474254883	F3:11,582	F4:8,382	AF3:14,919	AF4:6,131	happy
1474254883	F3:11,593	F4:8,742	AF3:14,918	AF4:6,139	happy
1474254883	F3:11,616	F4:8,1029	AF3:14,921	AF4:6,160	happy
1474254883	F3:11,594	F4:8,1091	AF3:14,900	AF4:6,154	happy
1474254883	F3:11,562	F4:8,1141	AF3:14,884	AF4:6,146	happy
1474254883	F3:11,549	F4:8,1094	AF3:14,883	AF4:6,141	happy
1474254883	F3:11,544	F4:8,1015	AF3:14,883	AF4:6,133	happy
1474254883	F3:11,549	F4:8,928	AF3:14,885	AF4:6,133	happy
1474254883	F3:11,553	F4:8,706	AF3:14,887	AF4:6,128	happy
1474254883	F3:11,509	F4:8,479	AF3:14,869	AF4:6,118	happy
1474254883	F3:11,454	F4:8,493	AF3:14,846	AF4:6,120	happy
1474254883	F3:11,483	F4:8,432	AF3:14,866	AF4:6,133	happy
1474254883	F3:11,502	F4:8,307	AF3:14,878	AF4:6,134	happy
1474254883	F3:11,490	F4:6,436	AF3:14,868	AF4:6,133	happy
1474254883	F3:11,473	F4:6,336	AF3:14,857	AF4:6,115	happy
1474254883	F3:11,489	F4:6,304	AF3:14,867	AF4:6,107	happy
1474254883	F3:11,485	F4:6,398	AF3:14,858	AF4:6,109	happy
1474254883	F3:11,495	F4:6,506	AF3:14,860	AF4:6,106	happy
1474254883	F3:11,529	F4:6,921	AF3:14,876	AF4:6,120	happy
1474254883	F3:11,555	F4:6,1198	AF3:14,885	AF4:6,147	happy
1474254883	F3:11,540	F4:6,1067	AF3:14,874	AF4:6,135	happy
1474254883	F3:11,504	F4:6,989	AF3:14,860	AF4:6,114	happy
1474254883	F3:11,476	F4:6,991	AF3:14,849	AF4:6,112	happy
1474254883	F3:11,500	F4:6,863	AF3:14,858	AF4:6,110	happy
1474254883	F3:11,528	F4:6,707	AF3:14,875	AF4:6,115	happy
1474254883	F3:11,480	F4:6,573	AF3:14,857	AF4:6,113	happy
1474254883	F3:11,425	F4:6,372	AF3:14,834	AF4:6,102	happy
1474254883	F3:11,433	F4:6,365	AF3:14,836	AF4:6,114	happy
1474254883	F3:11,479	F4:6,437	AF3:14,857	AF4:6,133	happy
1474254883	F3:11,483	F4:6,327	AF3:14,866	AF4:6,123	happy
1474254883	F3:11,454	F4:6,325	AF3:14,857	AF4:6,110	happy
1474254883	F3:11,384	F4:6,119	AF3:14,815	AF4:6,78	happy
1474254883	F3:11,391	F4:6,115	AF3:14,814	AF4:6,60	happy
1474254883	F3:11,431	F4:6,560	AF3:14,827	AF4:6,79	happy
1474254883	F3:11,432	F4:6,786	AF3:14,818	AF4:6,92	happy
1474254883	F3:11,409	F4:6,868	AF3:14,803	AF4:6,84	happy
1474254883	F3:11,421	F4:6,1014	AF3:14,809	AF4:6,92	happy
1474254883	F3:11,436	F4:6,981	AF3:14,817	AF4:6,98	happy
1474254883	F3:11,436	F4:6,871	AF3:14,823	AF4:6,87	happy
1474254883	F3:11,435	F4:6,772	AF3:14,827	AF4:6,82	happy
1474254883	F3:11,432	F4:6,540	AF3:14,818	AF4:6,76	happy
1474254883	F3:11,409	F4:6,302	AF3:14,810	AF4:6,73	happy
1474254883	F3:11,359	F4:6,307	AF3:14,797	AF4:6,75	happy
1474254883	F3:11,356	F4:6,240	AF3:14,797	AF4:6,81	happy
1474254883	F3:11,379	F4:6,153	AF3:14,805	AF4:6,88	happy
1474254883	F3:11,407	F4:6,312	AF3:14,824	AF4:6,93	happy
1474254883	F3:11,401	F4:6,220	AF3:14,822	AF4:6,80	happy
1474254883	F3:11,399	F4:6,198	AF3:14,815	AF4:6,73	happy
1474254883	F3:11,381	F4:6,277	AF3:14,804	AF4:6,64	happy
1474254883	F3:11,366	F4:6,331	AF3:14,796	AF4:6,54	happy
1474254883	F3:11,363	F4:6,699	AF3:14,784	AF4:6,63	happy
1474254883	F3:11,406	F4:6,1018	AF3:14,794	AF4:6,87	happy
1474254883	F3:11,437	F4:6,945	AF3:14,812	AF4:6,87	happy
1474254883	F3:11,430	F4:6,879	AF3:14,819	AF4:6,84	happy
1474254883	F3:11,433	F4:6,942	AF3:14,824	AF4:6,90	happy
1474254883	F3:11,439	F4:6,787	AF3:14,827	AF4:6,79	happy
1474254884	F3:11,407	F4:6,476	AF3:14,815	AF4:6,66	neutral
1474254884	F3:11,376	F4:6,355	AF3:14,802	AF4:6,64	neutral
1474254884	F3:11,408	F4:6,340	AF3:14,816	AF4:6,82	neutral
1474254884	F3:11,445	F4:6,410	AF3:14,836	AF4:6,107	neutral
1474254884	F3:11,432	F4:6,348	AF3:14,828	AF4:6,109	neutral
1474254884	F3:11,388	F4:6,128	AF3:14,807	AF4:6,84	neutral
1474254884	F3:11,420	F4:6,255	AF3:14,826	AF4:6,85	neutral
1474254884	F3:11,434	F4:6,228	AF3:14,830	AF4:6,80	neutral
1474254884	F3:12,418	F4:6,177	AF3:14,822	AF4:6,68	neutral
1474254884	F3:12,445	F4:6,540	AF3:14,831	AF4:6,86	neutral
1474254884	F3:12,503	F4:6,854	AF3:14,851	AF4:6,110	neutral
1474254884	F3:12,498	F4:6,984	AF3:14,848	AF4:6,104	neutral
1474254884	F3:12,496	F4:6,1092	AF3:14,847	AF4:6,110	neutral
1474254884	F3:12,507	F4:6,1048	AF3:14,847	AF4:6,117	neutral
1474254884	F3:12,482	F4:6,924	AF3:14,838	AF4:6,101	neutral
1474254884	F3:12,468	F4:6,838	AF3:14,841	AF4:6,90	neutral
1474254884	F3:12,484	F4:6,649	AF3:14,845	AF4:6,86	neutral
1474254884	F3:12,465	F4:6,431	AF3:14,835	AF4:6,87	neutral
1474254884	F3:12,436	F4:6,478	AF3:14,831	AF4:6,101	neutral
1474254884	F3:12,481	F4:6,476	AF3:14,858	AF4:6,123	neutral
1474254884	F3:12,504	F4:6,375	AF3:14,867	AF4:6,127	neutral
1474254884	F3:12,467	F4:6,410	AF3:14,848	AF4:6,115	neutral
1474254884	F3:12,414	F4:6,225	AF3:14,822	AF4:6,84	neutral
1474254884	F3:12,423	F4:6,227	AF3:14,826	AF4:6,72	neutral
1474254884	F3:12,447	F4:6,360	AF3:14,838	AF4:6,82	neutral
1474254884	F3:12,486	F4:6,454	AF3:14,854	AF4:6,91	neutral
1474254884	F3:12,489	F4:6,818	AF3:14,845	AF4:6,98	neutral
1474254884	F3:12,486	F4:6,1082	AF3:14,842	AF4:6,112	neutral
1474254884	F3:12,499	F4:6,1010	AF3:14,846	AF4:6,108	neutral
1474254884	F3:12,489	F4:6,977	AF3:14,841	AF4:6,96	neutral
1474254884	F3:12,458	F4:6,986	AF3:14,831	AF4:6,89	neutral
1474254884	F3:12,465	F4:6,831	AF3:14,840	AF4:6,86	neutral
1474254884	F3:12,481	F4:6,639	AF3:14,850	AF4:6,90	neutral
1474254884	F3:12,482	F4:6,582	AF3:14,847	AF4:6,95	neutral
1474254884	F3:12,505	F4:6,534	AF3:14,860	AF4:6,113	neutral
1474254884	F3:12,501	F4:6,537	AF3:14,866	AF4:6,130	neutral
1474254884	F3:12,495	F4:6,486	AF3:14,867	AF4:6,125	neutral
1474254884	F3:12,511	F4:6,364	AF3:14,869	AF4:6,114	neutral
1474254884	F3:12,527	F4:6,470	AF3:14,876	AF4:6,122	neutral
1474254884	F3:12,495	F4:6,336	AF3:14,868	AF4:6,107	neutral
1474254884	F3:12,517	F4:6,302	AF3:14,876	AF4:6,94	neutral
1474254884	F3:12,561	F4:6,686	AF3:14,888	AF4:6,114	neutral
1474254884	F3:12,567	F4:6,925	AF3:14,888	AF4:6,125	neutral
1474254884	F3:12,560	F4:6,1048	AF3:14,883	AF4:6,122	neutral
1474254884	F3:12,581	F4:6,1184	AF3:14,889	AF4:6,136	neutral
1474254884	F3:12,574	F4:6,1133	AF3:14,883	AF4:6,133	neutral
1474254884	F3:12,544	F4:6,1049	AF3:14,873	AF4:6,119	neutral
1474254884	F3:12,530	F4:6,973	AF3:14,867	AF4:6,115	neutral
1474254884	F3:12,526	F4:6,728	AF3:14,861	AF4:6,101	neutral
1474254884	F3:12,524	F4:6,531	AF3:14,863	AF4:6,101	neutral
1474254884	F3:12,507	F4:6,603	AF3:14,863	AF4:6,120	neutral
1474254884	F3:12,486	F4:6,488	AF3:14,855	AF4:6,117	neutral
1474254884	F3:12,467	F4:6,305	AF3:14,843	AF4:6,102	neutral
1474254884	F3:12,472	F4:6,402	AF3:14,845	AF4:6,109	neutral
1474254884	F3:12,456	F4:6,297	AF3:14,841	AF4:6,99	neutral
1474254884	F3:12,476	F4:6,325	AF3:14,850	AF4:6,89	neutral
1474254884	F3:12,498	F4:6,413	AF3:14,856	AF4:6,90	neutral
1474254884	F3:12,502	F4:6,451	AF3:14,859	AF4:6,88	neutral
1474254884	F3:12,485	F4:6,804	AF3:14,843	AF4:6,90	neutral
1474254884	F3:12,484	F4:6,1052	AF3:14,830	AF4:6,100	neutral
1474254884	F3:12,494	F4:6,979	AF3:14,836	AF4:6,95	neutral
1474254884	F3:12,495	F4:6,996	AF3:14,843	AF4:6,92	neutral
1474254884	F3:12,488	F4:6,1027	AF3:14,835	AF4:6,99	neutral
1474254884	F3:12,516	F4:6,895	AF3:14,848	AF4:6,99	neutral
1474254884	F3:12,554	F4:6,783	AF3:14,875	AF4:6,110	neutral
1474254884	F3:12,536	F4:6,704	AF3:14,869	AF4:6,116	neutral
1474254884	F3:12,527	F4:6,569	AF3:14,867	AF4:6,118	neutral
1474254884	F3:12,545	F4:6,599	AF3:14,876	AF4:6,136	neutral
1474254884	F3:12,567	F4:6,599	AF3:14,886	AF4:6,147	neutral
1474254884	F3:12,563	F4:6,438	AF3:14,889	AF4:6,137	neutral
1474254884	F3:12,585	F4:6,543	AF3:14,902	AF4:6,138	neutral
1474254884	F3:12,609	F4:6,516	AF3:14,919	AF4:6,139	neutral
1474254884	F3:12,642	F4:6,505	AF3:14,941	AF4:6,137	neutral
1474254884	F3:12,659	F4:6,776	AF3:14,935	AF4:6,145	neutral
1474254884	F3:12,669	F4:6,979	AF3:14,932	AF4:6,156	neutral
1474254884	F3:12,647	F4:6,1138	AF3:14,926	AF4:6,153	neutral
1474254884	F3:12,611	F4:6,1223	AF3:14,901	AF4:6,148	neutral
1474254884	F3:12,584	F4:6,1122	AF3:14,882	AF4:6,133	neutral
1474254884	F3:12,591	F4:6,1104	AF3:14,896	AF4:6,130	neutral
1474254884	F3:12,615	F4:6,1104	AF3:14,912	AF4:6,143	neutral
1474254884	F3:12,598	F4:6,843	AF3:14,899	AF4:6,128	neutral
1474254884	F3:12,540	F4:6,589	AF3:14,874	AF4:6,110	neutral
1474254884	F3:12,539	F4:6,688	AF3:14,873	AF4:6,127	neutral
1474254884	F3:12,596	F4:6,660	AF3:14,906	AF4:6,152	neutral
1474254884	F3:12,582	F4:6,481	AF3:14,904	AF4:6,152	neutral
1474254884	F3:12,565	F4:6,562	AF3:14,887	AF4:6,150	neutral
1474254884	F3:12,562	F4:7,490	AF3:14,887	AF4:6,133	neutral
1474254884	F3:12,545	F4:7,444	AF3:14,889	AF4:6,117	neutral
1474254884	F3:12,521	F4:7,422	AF3:14,873	AF4:6,107	neutral
1474254884	F3:12,557	F4:7,505	AF3:14,880	AF4:6,106	neutral
1474254884	F3:12,573	F4:7,926	AF3:14,886	AF4:6,115	neutral
1474254884	F3:12,576	F4:7,1166	AF3:14,884	AF4:6,132	neutral
1474254884	F3:12,571	F4:7,1051	AF3:14,874	AF4:6,129	neutral
1474254884	F3:12,550	F4:7,1045	AF3:14,863	AF4:6,117	neutral
1474254884	F3:12,542	F4:7,1084	AF3:14,860	AF4:6,114	neutral
1474254884	F3:12,553	F4:7,934	AF3:14,869	AF4:6,109	neutral
1474254884	F3:12,555	F4:7,787	AF3:14,878	AF4:6,113	neutral
1474254884	F3:12,563	F4:7,756	AF3:14,884	AF4:6,124	neutral
1474254884	F3:12,583	F4:7,672	AF3:14,892	AF4:6,136	neutral
1474254884	F3:12,567	F4:7,639	AF3:14,881	AF4:6,142	neutral
1474254884	F3:12,563	F4:7,589	AF3:14,880	AF4:6,143	neutral
1474254884	F3:12,586	F4:7,477	AF3:14,899	AF4:6,145	neutral
1474254884	F3:12,628	F4:7,617	AF3:14,922	AF4:6,155	neutral
1474254884	F3:12,625	F4:7,539	AF3:14,916	AF4:6,147	neutral
1474254884	F3:12,612	F4:7,468	AF3:14,912	AF4:6,134	neutral
1474254884	F3:12,597	F4:7,727	AF3:14,904	AF4:6,131	neutral
1474254884	F3:12,633	F4:7,952	AF3:14,915	AF4:6,141	neutral
1474254884	F3:12,672	F4:7,1151	AF3:14,926	AF4:6,157	neutral
1474254884	F3:12,644	F4:7,1244	AF3:14,909	AF4:6,161	neutral
1474254884	F3:12,585	F4:7,1109	AF3:14,883	AF4:6,137	neutral
1474254884	F3:12,598	F4:7,1094	AF3:14,893	AF4:6,135	neutral
1474254884	F3:12,641	F4:7,1109	AF3:14,912	AF4:6,152	neutral
1474254884	F3:12,641	F4:7,882	AF3:14,912	AF4:6,140	neutral
1474254884	F3:12,641	F4:7,765	AF3:14,923	AF4:6,145	neutral
1474254884	F3:12,646	F4:7,909	AF3:14,928	AF4:6,171	neutral
1474254884	F3:12,651	F4:7,791	AF3:14,930	AF4:6,178	neutral
1474254884	F3:12,645	F4:7,613	AF3:14,931	AF4:6,176	neutral
1474254884	F3:12,653	F4:7,722	AF3:14,934	AF4:6,181	neutral
1474254884	F3:12,630	F4:7,610	AF3:14,925	AF4:6,160	neutral
1474254884	F3:12,628	F4:7,600	AF3:14,933	AF4:6,152	neutral
1474254884	F3:12,648	F4:7,625	AF3:14,942	AF4:6,159	neutral
1474254884	F3:12,661	F4:7,610	AF3:14,939	AF4:6,147	neutral
1474254884	F3:12,630	F4:7,951	AF3:14,913	AF4:6,141	neutral
1474254884	F3:12,639	F4:7,1225	AF3:14,909	AF4:6,162	neutral
1474254884	F3:12,675	F4:7,1153	AF3:14,928	AF4:6,166	neutral
1474254884	F3:12,675	F4:7,1169	AF3:14,935	AF4:6,156	neutral
1474254884	F3:12,658	F4:7,1193	AF3:14,924	AF4:6,156	neutral
1474254884	F3:12,656	F4:7,1011	AF3:14,925	AF4:6,150	neutral
1474254885	F3:12,653	F4:7,910	AF3:14,932	AF4:6,149	neutral
1474254885	F3:12,615	F4:7,883	AF3:14,906	AF4:6,148	neutral
1474254885	F3:12,600	F4:7,748	AF3:14,893	AF4:6,155	neutral
1474254885	F3:12,598	F4:7,718	AF3:14,901	AF4:6,162	neutral
1474254885	F3:12,591	F4:7,664	AF3:14,903	AF4:6,156	neutral
1474254885	F3:12,554	F4:7,455	AF3:14,882	AF4:6,138	neutral
1474254885	F3:12,564	F4:7,544	AF3:14,889	AF4:6,142	neutral
1474254885	F3:12,566	F4:7,507	AF3:14,894	AF4:6,133	neutral
1474254885	F3:12,537	F4:7,427	AF3:14,875	AF4:6,109	neutral
1474254885	F3:12,533	F4:7,604	AF3:14,869	AF4:6,111	neutral
1474254885	F3:12,575	F4:7,786	AF3:14,885	AF4:6,128	neutral
1474254885	F3:12,564	F4:7,987	AF3:14,872	AF4:6,124	neutral
1474254885	F3:12,539	F4:7,1104	AF3:14,858	AF4:6,122	neutral
1474254885	F3:12,555	F4:7,993	AF3:14,867	AF4:6,121	neutral
1474254885	F3:12,573	F4:7,958	AF3:14,875	AF4:6,119	neutral
1474254885	F3:12,569	F4:7,959	AF3:14,873	AF4:6,122	neutral
1474254885	F3:12,560	F4:7,737	AF3:14,870	AF4:6,114	neutral
1474254885	F3:12,562	F4:7,596	AF3:14,877	AF4:6,121	neutral
1474254885	F3:12,565	F4:7,743	AF3:14,886	AF4:6,142	neutral
1474254885	F3:12,565	F4:7,687	AF3:14,888	AF4:6,147	neutral
1474254885	F3:12,542	F4:7,515	AF3:14,871	AF4:6,141	neutral
1474254885	F3:12,526	F4:7,546	AF3:14,860	AF4:6,138	neutral
1474254885	F3:12,477	F4:8,393	AF3:14,840	AF4:6,109	neutral
1474254885	F3:12,461	F4:8,356	AF3:14,838	AF4:6,94	neutral
1474254885	F3:12,496	F4:8,395	AF3:14,853	AF4:6,102	neutral
1474254885	F3:12,527	F4:8,442	AF3:14,863	AF4:6,101	neutral
1474254885	F3:12,512	F4:8,777	AF3:14,848	AF4:6,97	neutral
1474254885	F3:12,543	F4:8,1012	AF3:14,853	AF4:6,119	neutral
1474254885	F3:12,588	F4:8,967	AF3:14,874	AF4:6,131	neutral
1474254885	F3:12,599	F4:8,1037	AF3:14,888	AF4:6,134	neutral
1474254885	F3:12,586	F4:8,1063	AF3:14,882	AF4:6,134	neutral
1474254885	F3:12,586	F4:8,873	AF3:14,883	AF4:6,126	neutral
1474254885	F3:12,600	F4:8,815	AF3:14,898	AF4:6,130	neutral
1474254885	F3:12,587	F4:8,834	AF3:14,895	AF4:6,135	neutral
1474254885	F3:12,556	F4:8,652	AF3:14,879	AF4:6,133	neutral
1474254885	F3:12,511	F4:8,547	AF3:14,856	AF4:6,130	neutral
1474254885	F3:12,486	F4:8,504	AF3:14,839	AF4:6,119	neutral
1474254885	F3:12,466	F4:8,346	AF3:14,830	AF4:6,102	neutral
1474254885	F3:12,474	F4:8,387	AF3:14,836	AF4:6,104	neutral
1474254885	F3:12,479	F4:8,352	AF3:14,842	AF4:6,104	neutral
1474254885	F3:12,512	F4:8,390	AF3:14,862	AF4:6,105	neutral
1474254885	F3:12,549	F4:8,608	AF3:14,875	AF4:6,113	neutral
1474254885	F3:12,573	F4:8,764	AF3:14,881	AF4:6,119	neutral
1474254885	F3:12,562	F4:8,979	AF3:14,871	AF4:6,120	neutral
1474254885	F3:12,557	F4:8,1118	AF3:14,865	AF4:6,130	neutral
1474254885	F3:12,561	F4:8,994	AF3:14,869	AF4:6,125	neutral
1474254885	F3:12,563	F4:8,943	AF3:14,876	AF4:6,116	neutral
1474254885	F3:12,561	F4:8,935	AF3:14,868	AF4:6,121	neutral
1474254885	F3:12,572	F4:8,748	AF3:14,870	AF4:6,116	neutral
1474254885	F3:12,591	F4:8,658	AF3:14,893	AF4:6,124	neutral
1474254885	F3:12,577	F4:8,760	AF3:14,889	AF4:6,143	neutral
1474254885	F3:12,574	F4:8,689	AF3:14,882	AF4:6,149	neutral
1474254885	F3:12,560	F4:8,557	AF3:14,881	AF4:6,143	neutral
1474254885	F3:12,530	F4:8,573	AF3:14,870	AF4:6,136	neutral
1474254885	F3:12,502	F4:8,458	AF3:14,854	AF4:6,121	neutral
1474254885	F3:12,534	F4:8,478	AF3:14,869	AF4:6,119	neutral
1474254885	F3:12,532	F4:8,418	AF3:14,865	AF4:6,113	neutral
1474254885	F3:12,503	F4:8,416	AF3:14,848	AF4:6,99	neutral
1474254885	F3:12,509	F4:8,809	AF3:14,850	AF4:6,103	neutral
1474254885	F3:12,543	F4:8,984	AF3:14,859	AF4:6,119	neutral
1474254885	F3:12,522	F4:8,855	AF3:14,843	AF4:6,109	neutral
1474254885	F3:12,512	F4:8,969	AF3:14,848	AF4:6,110	neutral
1474254885	F3:12,554	F4:8,1046	AF3:14,872	AF4:6,123	neutral
1474254885	F3:12,567	F4:8,819	AF3:14,869	AF4:6,112	neutral
1474254885	F3:12,548	F4:8,705	AF3:14,857	AF4:6,108	neutral
1474254885	F3:12,548	F4:8,749	AF3:14,865	AF4:6,121	neutral
1474254885	F3:12,554	F4:8,654	AF3:14,874	AF4:6,134	neutral
1474254885	F3:12,529	F4:8,593	AF3:14,860	AF4:6,140	neutral
1474254885	F3:12,544	F4:8,600	AF3:14,866	AF4:6,145	neutral
1474254885	F3:12,592	F4:8,569	AF3:14,892	AF4:6,150	neutral
1474254885	F3:12,615	F4:8,632	AF3:14,908	AF4:6,156	neutral
1474254885	F3:12,568	F4:8,484	AF3:14,890	AF4:6,137	neutral
1474254885	F3:12,532	F4:8,403	AF3:14,868	AF4:6,110	neutral
1474254885	F3:12,523	F4:8,543	AF3:14,856	AF4:6,101	neutral
1474254885	F3:12,532	F4:8,684	AF3:14,857	AF4:6,106	neutral
1474254885	F3:12,518	F4:8,915	AF3:14,841	AF4:6,107	neutral
1474254885	F3:12,505	F4:8,1033	AF3:14,832	AF4:6,106	neutral
1474254885	F3:12,506	F4:8,913	AF3:14,842	AF4:6,102	neutral
1474254885	F3:12,525	F4:8,937	AF3:14,858	AF4:6,113	neutral
1474254885	F3:12,548	F4:8,967	AF3:14,865	AF4:6,126	neutral
1474254885	F3:12,571	F4:8,753	AF3:14,877	AF4:6,116	neutral
1474254885	F3:12,601	F4:8,669	AF3:14,897	AF4:6,128	neutral
1474254885	F3:12,599	F4:8,818	AF3:14,900	AF4:6,150	neutral
1474254885	F3:12,576	F4:8,717	AF3:14,888	AF4:6,148	neutral
1474254885	F3:12,552	F4:8,539	AF3:14,867	AF4:6,141	neutral
1474254885	F3:12,554	F4:8,592	AF3:14,871	AF4:6,144	neutral
1474254885	F3:12,540	F4:8,519	AF3:14,871	AF4:6,128	neutral
1474254885	F3:12,554	F4:9,513	AF3:14,879	AF4:6,126	neutral
1474254885	F3:12,551	F4:9,447	AF3:14,880	AF4:6,125	neutral
1474254885	F3:12,543	F4:9,477	AF3:14,880	AF4:6,115	neutral
1474254885	F3:12,566	F4:9,874	AF3:14,881	AF4:6,127	neutral
1474254885	F3:12,604	F4:9,1058	AF3:14,888	AF4:6,145	neutral
1474254885	F3:12,592	F4:9,941	AF3:14,885	AF4:6,134	neutral
1474254885	F3:12,575	F4:9,1014	AF3:14,880	AF4:6,132	neutral
1474254885	F3:12,575	F4:9,1047	AF3:14,880	AF4:6,131	neutral
1474254885	F3:12,571	F4:9,850	AF3:14,879	AF4:6,115	neutral
1474254885	F3:12,557	F4:9,744	AF3:14,873	AF4:6,116	neutral
1474254885	F3:12,531	F4:9,706	AF3:14,861	AF4:6,122	neutral
1474254885	F3:12,520	F4:9,589	AF3:14,859	AF4:6,122	neutral
1474254885	F3:12,538	F4:9,612	AF3:14,866	AF4:6,139	neutral
1474254885	F3:12,547	F4:9,582	AF3:14,863	AF4:6,144	neutral
1474254885	F3:12,515	F4:9,393	AF3:14,850	AF4:6,123	neutral
1474254885	F3:12,541	F4:9,493	AF3:14,873	AF4:6,128	neutral
1474254885	F3:12,579	F4:9,541	AF3:14,893	AF4:6,135	neutral
1474254885	F3:12,552	F4:9,476	AF3:14,877	AF4:6,118	neutral
1474254885	F3:12,487	F4:9,479	AF3:14,844	AF4:6,98	neutral
1474254885	F3:12,499	F4:9,607	AF3:14,845	AF4:6,101	neutral
1474254885	F3:12,537	F4:9,943	AF3:14,851	AF4:6,113	neutral
1474254885	F3:12,550	F4:9,1104	AF3:14,852	AF4:6,126	neutral
1474254885	F3:12,541	F4:9,945	AF3:14,855	AF4:6,120	neutral
1474254885	F3:12,528	F4:9,910	AF3:14,852	AF4:6,108	neutral
1474254885	F3:12,527	F4:9,925	AF3:14,847	AF4:6,104	neutral
1474254885	F3:12,529	F4:9,685	AF3:14,851	AF4:6,97	neutral
1474254885	F3:12,510	F4:9,492	AF3:14,846	AF4:6,100	neutral
1474254885	F3:12,489	F4:9,586	AF3:14,831	AF4:6,109	neutral
1474254885	F3:12,494	F4:9,569	AF3:14,832	AF4:6,120	neutral
1474254885	F3:12,502	F4:9,480	AF3:14,840	AF4:6,131	neutral
1474254885	F3:12,551	F4:9,577	AF3:14,869	AF4:6,141	neutral
1474254885	F3:12,581	F4:9,555	AF3:14,888	AF4:6,137	neutral
1474254885	F3:12,571	F4:9,540	AF3:14,881	AF4:6,132	neutral
1474254885	F3:12,525	F4:9,410	AF3:14,853	AF4:6,113	neutral
1474254885	F3:12,513	F4:9,408	AF3:14,852	AF4:6,95	neutral
1474254885	F3:12,522	F4:9,791	AF3:14,850	AF4:6,102	neutral
1474254885	F3:12,555	F4:9,992	AF3:14,854	AF4:6,121	neutral
1474254885	F3:12,585	F4:9,943	AF3:14,866	AF4:6,123	neutral
1474254885	F3:12,589	F4:9,1034	AF3:14,874	AF4:6,127	neutral
1474254885	F3:12,561	F4:9,1033	AF3:14,865	AF4:6,125	neutral
1474254886	F3:12,553	F4:9,850	AF3:14,861	AF4:6,111	neutral
1474254886	F3:12,581	F4:9,811	AF3:14,871	AF4:6,119	neutral
1474254886	F3:12,585	F4:9,819	AF3:14,874	AF4:6,134	neutral
1474254886	F3:12,571	F4:9,705	AF3:14,876	AF4:6,140	neutral
1474254886	F3:12,576	F4:9,707	AF3:14,882	AF4:6,152	neutral
1474254886	F3:12,615	F4:9,719	AF3:14,898	AF4:6,166	neutral
1474254886	F3:12,610	F4:9,580	AF3:14,896	AF4:6,156	neutral
1474254886	F3:12,573	F4:9,574	AF3:14,877	AF4:6,142	neutral
1474254886	F3:12,536	F4:9,476	AF3:14,863	AF4:6,125	neutral
1474254886	F3:12,551	F4:9,454	AF3:14,875	AF4:6,116	neutral
1474254886	F3:12,573	F4:9,591	AF3:14,882	AF4:6,122	neutral
1474254886	F3:12,597	F4:9,731	AF3:14,886	AF4:6,132	neutral
1474254886	F3:12,624	F4:9,1037	AF3:14,895	AF4:6,144	neutral
1474254886	F3:12,659	F4:9,1226	AF3:14,914	AF4:6,162	neutral
1474254886	F3:12,661	F4:9,1075	AF3:14,916	AF4:6,159	neutral
1474254886	F3:12,652	F4:9,1057	AF3:14,915	AF4:6,148	neutral
1474254886	F3:12,665	F4:9,1112	AF3:14,922	AF4:6,156	neutral
1474254886	F3:12,666	F4:9,898	AF3:14,922	AF4:6,153	neutral
1474254886	F3:12,658	F4:9,790	AF3:14,923	AF4:6,151	neutral
1474254886	F3:12,668	F4:9,967	AF3:14,929	AF4:6,169	neutral
1474254886	F3:12,674	F4:9,915	AF3:14,930	AF4:6,184	neutral
1474254886	F3:12,663	F4:9,756	AF3:14,929	AF4:6,188	neutral
1474254886	F3:12,694	F4:9,833	AF3:14,955	AF4:6,194	neutral
1474254886	F3:12,693	F4:9,757	AF3:14,953	AF4:6,184	neutral
1474254886	F3:12,671	F4:9,700	AF3:14,939	AF4:6,178	neutral
1474254886	F3:12,669	F4:9,644	AF3:14,940	AF4:6,173	neutral
1474254886	F3:12,684	F4:9,667	AF3:14,945	AF4:6,161	neutral
1474254886	F3:12,676	F4:9,985	AF3:14,933	AF4:6,161	neutral
1474254886	F3:12,711	F4:9,1180	AF3:14,947	AF4:6,180	neutral
1474254886	F3:12,763	F4:9,1180	AF3:14,976	AF4:6,188	neutral
1474254886	F3:12,773	F4:9,1284	AF3:14,982	AF4:6,198	neutral
1474254886	F3:12,744	F4:9,1240	AF3:14,967	AF4:6,199	neutral
1474254886	F3:12,746	F4:9,1086	AF3:14,970	AF4:6,184	neutral
1474254886	F3:12,786	F4:9,1166	AF3:14,993	AF4:6,197	neutral
1474254886	F3:12,794	F4:9,1262	AF3:14,1000	AF4:6,219	neutral
1474254886	F3:12,758	F4:9,1107	AF3:14,981	AF4:6,221	neutral
1474254886	F3:12,714	F4:9,990	AF3:14,956	AF4:6,214	neutral
1474254886	F3:12,727	F4:9,920	AF3:14,969	AF4:6,211	neutral
1474254886	F3:12,751	F4:9,805	AF3:14,985	AF4:6,210	neutral
1474254886	F3:12,759	F4:9,889	AF3:14,975	AF4:6,215	neutral
1474254886	F3:12,714	F4:9,810	AF3:14,952	AF4:6,197	neutral
1474254886	F3:12,695	F4:9,771	AF3:14,960	AF4:6,188	neutral
1474254886	F3:12,719	F4:9,883	AF3:14,972	AF4:6,197	neutral
1474254886	F3:12,768	F4:9,947	AF3:14,983	AF4:6,198	neutral
1474254886	F3:12,778	F4:9,1184	AF3:14,984	AF4:6,198	neutral
1474254886	F3:12,780	F4:9,1378	AF3:14,990	AF4:6,213	neutral
1474254886	F3:12,786	F4:9,1238	AF3:14,997	AF4:6,206	neutral
1474254886	F3:12,767	F4:9,1189	AF3:14,988	AF4:6,194	neutral
1474254886	F3:12,729	F4:9,1179	AF3:14,965	AF4:6,192	neutral
1474254886	F3:12,682	F4:9,912	AF3:14,943	AF4:6,169	neutral
1474254886	F3:12,678	F4:9,837	AF3:14,943	AF4:6,171	neutral
1474254886	F3:12,716	F4:9,1083	AF3:14,964	AF4:6,201	neutral
1474254886	F3:12,738	F4:9,1034	AF3:14,978	AF4:6,212	neutral
1474254886	F3:12,698	F4:9,807	AF3:14,958	AF4:6,203	neutral
1474254886	F3:12,685	F4:9,846	AF3:14,949	AF4:6,204	neutral
1474254886	F3:12,709	F4:9,822	AF3:14,964	AF4:6,202	neutral
1474254886	F3:12,724	F4:9,805	AF3:14,977	AF4:6,195	neutral
1474254886	F3:12,715	F4:9,733	AF3:14,974	AF4:6,191	neutral
1474254886	F3:12,727	F4:9,730	AF3:14,973	AF4:6,189	neutral
1474254886	F3:12,726	F4:9,1000	AF3:14,963	AF4:6,189	neutral
1474254886	F3:12,722	F4:9,1124	AF3:14,961	AF4:6,193	neutral
1474254886	F3:12,729	F4:9,1121	AF3:14,966	AF4:6,190	neutral
1474254886	F3:12,747	F4:9,1254	AF3:14,967	AF4:6,197	neutral
1474254886	F3:12,733	F4:9,1212	AF3:14,962	AF4:6,196	neutral
1474254886	F3:12,730	F4:9,1077	AF3:14,972	AF4:6,195	neutral
1474254886	F3:12,771	F4:9,1173	AF3:14,995	AF4:6,211	neutral
1474254886	F3:12,794	F4:9,1247	AF3:14,1005	AF4:6,219	neutral
1474254886	F3:12,776	F4:9,1129	AF3:14,1001	AF4:6,223	neutral
1474254886	F3:12,756	F4:9,1099	AF3:14,990	AF4:6,232	neutral
1474254886	F3:12,774	F4:9,1037	AF3:14,994	AF4:6,234	neutral
1474254886	F3:12,759	F4:9,842	AF3:14,991	AF4:6,219	neutral
1474254886	F3:12,723	F4:9,863	AF3:14,973	AF4:6,210	neutral
1474254886	F3:12,696	F4:9,796	AF3:14,962	AF4:6,201	neutral
1474254886	F3:12,705	F4:9,734	AF3:14,975	AF4:6,196	neutral
1474254886	F3:12,717	F4:9,770	AF3:14,977	AF4:6,196	neutral
1474254886	F3:12,718	F4:9,799	AF3:14,970	AF4:6,190	neutral
1474254886	F3:12,699	F4:9,1064	AF3:14,954	AF4:6,185	neutral
1474254886	F3:12,699	F4:9,1259	AF3:14,952	AF4:6,192	neutral
1474254886	F3:12,739	F4:9,1178	AF3:14,978	AF4:6,198	neutral
1474254886	F3:12,769	F4:9,1237	AF3:14,999	AF4:6,206	neutral
1474254886	F3:12,737	F4:9,1260	AF3:14,984	AF4:6,203	neutral
1474254886	F3:12,720	F4:9,1057	AF3:14,975	AF4:6,191	neutral
1474254886	F3:12,740	F4:9,1005	AF3:14,983	AF4:6,195	neutral
1474254886	F3:12,755	F4:9,1156	AF3:14,989	AF4:6,213	neutral
1474254886	F3:12,741	F4:9,1054	AF3:14,985	AF4:6,228	neutral
1474254886	F3:12,717	F4:9,888	AF3:14,972	AF4:6,231	neutral
1474254886	F3:12,725	F4:9,886	AF3:14,972	AF4:6,224	neutral
1474254886	F3:12,726	F4:9,765	AF3:14,978	AF4:6,209	neutral
1474254886	F3:12,728	F4:9,785	AF3:14,990	AF4:6,209	neutral
1474254886	F3:12,720	F4:10,744	AF3:14,985	AF4:6,207	neutral
1474254886	F3:12,723	F4:10,682	AF3:14,978	AF4:6,196	neutral
1474254886	F3:12,727	F4:10,953	AF3:14,975	AF4:6,197	neutral
1474254886	F3:12,746	F4:10,1182	AF3:14,984	AF4:6,209	neutral
1474254886	F3:12,738	F4:10,1227	AF3:14,972	AF4:6,204	neutral
1474254886	F3:12,735	F4:10,1305	AF3:14,972	AF4:6,207	neutral
1474254886	F3:12,742	F4:10,1267	AF3:14,981	AF4:6,210	neutral
1474254886	F3:12,725	F4:10,1157	AF3:14,968	AF4:6,199	neutral
1474254886	F3:12,712	F4:10,1123	AF3:14,963	AF4:6,197	neutral
1474254886	F3:12,721	F4:10,1070	AF3:14,982	AF4:6,201	neutral
1474254886	F3:12,702	F4:10,946	AF3:14,973	AF4:6,200	neutral
1474254886	F3:12,683	F4:10,964	AF3:14,954	AF4:6,205	neutral
1474254886	F3:12,702	F4:10,879	AF3:14,971	AF4:6,213	neutral
1474254886	F3:12,695	F4:10,695	AF3:14,977	AF4:6,211	neutral
1474254886	F3:12,697	F4:10,804	AF3:14,971	AF4:6,214	neutral
1474254886	F3:12,696	F4:10,757	AF3:14,966	AF4:6,204	neutral
1474254886	F3:12,698	F4:10,704	AF3:14,971	AF4:6,193	neutral
1474254886	F3:12,704	F4:10,741	AF3:14,976	AF4:6,196	neutral
1474254886	F3:12,732	F4:10,770	AF3:14,990	AF4:6,203	neutral
1474254886	F3:12,745	F4:10,1093	AF3:14,991	AF4:6,207	neutral
1474254886	F3:12,762	F4:10,1371	AF3:14,991	AF4:6,221	neutral
1474254886	F3:12,763	F4:10,1280	AF3:14,996	AF4:6,221	neutral
1474254886	F3:12,747	F4:10,1273	AF3:14,994	AF4:6,212	neutral
1474254886	F3:12,746	F4:10,1315	AF3:14,988	AF4:6,210	neutral
1474254886	F3:12,754	F4:10,1140	AF3:14,989	AF4:6,209	neutral
1474254886	F3:12,725	F4:10,1011	AF3:14,986	AF4:6,205	neutral
1474254886	F3:12,704	F4:10,1089	AF3:14,985	AF4:6,206	neutral
1474254886	F3:12,715	F4:10,1005	AF3:14,986	AF4:6,216	neutral
1474254886	F3:12,694	F4:10,851	AF3:14,971	AF4:6,221	neutral
1474254886	F3:12,690	F4:10,828	AF3:14,970	AF4:6,216	neutral
1474254886	F3:12,700	F4:10,718	AF3:14,980	AF4:6,210	neutral
1474254886	F3:12,701	F4:10,719	AF3:14,981	AF4:6,210	neutral
1474254886	F3:12,678	F4:10,626	AF3:14,973	AF4:6,192	neutral
1474254886	F3:12,698	F4:10,618	AF3:14,981	AF4:6,183	neutral
1474254886	F3:12,708	F4:10,912	AF3:14,975	AF4:6,194	neutral
1474254886	F3:12,714	F4:10,1095	AF3:14,979	AF4:6,205	neutral
1474254886	F3:12,750	F4:10,1242	AF3:14,1003	AF4:6,217	neutral
1474254886	F3:12,794	F4:10,1422	AF3:14,1025	AF4:6,235	neutral
1474254886	F3:12,795	F4:10,1372	AF3:14,1029	AF4:6,228	neutral
1474254887	F3:12,788	F4:10,1296	AF3:14,1029	AF4:6,222	sad
1474254887	F3:12,815	F4:10,1326	AF3:14,1043	AF4:6,238	sad
1474254887	F3:12,824	F4:10,1236	AF3:14,1049	AF4:6,235	sad
1474254887	F3:12,768	F4:10,1058	AF3:14,1022	AF4:6,222	sad
1474254887	F3:12,719	F4:10,1057	AF3:14,992	AF4:6,229	sad
1474254887	F3:12,743	F4:10,963	AF3:14,1005	AF4:6,237	sad
1474254887	F3:12,767	F4:10,814	AF3:14,1021	AF4:6,240	sad
1474254887	F3:12,741	F4:10,889	AF3:14,1008	AF4:6,232	sad
1474254887	F3:12,676	F4:10,724	AF3:14,979	AF4:6,203	sad
1474254887	F3:12,675	F4:10,656	AF3:14,983	AF4:6,196	sad
1474254887	F3:12,688	F4:10,690	AF3:14,987	AF4:6,200	sad
1474254887	F3:12,683	F4:10,680	AF3:14,983	AF4:6,188	sad
1474254887	F3:12,688	F4:10,1028	AF3:14,979	AF4:6,190	sad
1474254887	F3:12,745	F4:10,1354	AF3:14,1001	AF4:6,223	sad
1474254887	F3:12,763	F4:10,1303	AF3:14,1009	AF4:6,228	sad
1474254887	F3:12,749	F4:10,1320	AF3:14,1004	AF4:6,218	sad
1474254887	F3:12,766	F4:10,1344	AF3:14,1015	AF4:6,220	sad
1474254887	F3:12,779	F4:10,1169	AF3:14,1026	AF4:6,217	sad
1474254887	F3:12,752	F4:10,1085	AF3:14,1010	AF4:6,216	sad
1474254887	F3:12,706	F4:10,1102	AF3:14,988	AF4:6,212	sad
1474254887	F3:12,703	F4:10,998	AF3:14,999	AF4:6,221	sad
1474254887	F3:12,734	F4:10,1005	AF3:14,1017	AF4:6,245	sad
1474254887	F3:12,759	F4:10,993	AF3:14,1024	AF4:6,249	sad
1474254887	F3:12,726	F4:10,746	AF3:14,1011	AF4:6,224	sad
1474254887	F3:12,706	F4:10,750	AF3:14,999	AF4:6,217	sad
1474254887	F3:12,685	F4:9,674	AF3:14,985	AF4:6,205	sad
1474254887	F3:12,689	F4:9,629	AF3:14,989	AF4:6,188	sad
1474254887	F3:12,739	F4:9,922	AF3:14,1012	AF4:6,209	sad
1474254887	F3:12,793	F4:9,1104	AF3:14,1034	AF4:6,234	sad
1474254887	F3:12,766	F4:9,1209	AF3:14,1020	AF4:6,222	sad
1474254887	F3:12,759	F4:9,1380	AF3:14,1013	AF4:6,225	sad
1474254887	F3:12,795	F4:9,1361	AF3:14,1033	AF4:6,237	sad
1474254887	F3:12,771	F4:9,1254	AF3:14,1027	AF4:6,222	sad
1474254887	F3:12,705	F4:9,1157	AF3:14,993	AF4:6,203	sad
1474254887	F3:12,702	F4:9,1025	AF3:14,995	AF4:6,204	sad
1474254887	F3:12,730	F4:9,980	AF3:14,1012	AF4:6,218	sad
1474254887	F3:12,706	F4:9,1039	AF3:14,995	AF4:6,225	sad
1474254887	F3:12,684	F4:9,877	AF3:14,984	AF4:6,220	sad
1474254887	F3:12,696	F4:9,731	AF3:14,991	AF4:6,225	sad
1474254887	F3:12,709	F4:9,822	AF3:14,994	AF4:6,231	sad
1474254887	F3:12,674	F4:9,672	AF3:14,984	AF4:6,207	sad
1474254887	F3:12,662	F4:9,640	AF3:14,985	AF4:6,193	sad
1474254887	F3:12,682	F4:9,665	AF3:14,991	AF4:6,199	sad
1474254887	F3:12,704	F4:9,644	AF3:14,994	AF4:6,195	sad
1474254887	F3:12,692	F4:9,1007	AF3:14,982	AF4:6,193	sad
1474254887	F3:12,704	F4:9,1304	AF3:14,981	AF4:6,216	sad
1474254887	F3:12,716	F4:9,1231	AF3:14,985	AF4:6,218	sad
1474254887	F3:12,732	F4:9,1268	AF3:14,996	AF4:6,216	sad
1474254887	F3:12,746	F4:9,1321	AF3:14,1007	AF4:6,223	sad
1474254887	F3:12,724	F4:9,1145	AF3:14,1002	AF4:6,210	sad
1474254887	F3:12,697	F4:9,1047	AF3:14,993	AF4:6,203	sad
1474254887	F3:12,719	F4:9,1127	AF3:14,1004	AF4:6,215	sad
1474254887	F3:12,752	F4:9,1076	AF3:14,1021	AF4:6,233	sad
1474254887	F3:12,739	F4:9,1019	AF3:14,1017	AF4:6,245	sad
1474254887	F3:12,747	F4:9,944	AF3:14,1020	AF4:6,248	sad
1474254887	F3:12,753	F4:9,769	AF3:14,1020	AF4:6,237	sad
1474254887	F3:12,747	F4:9,823	AF3:14,1018	AF4:6,234	sad
1474254887	F3:12,715	F4:9,709	AF3:14,1006	AF4:6,222	sad
1474254887	F3:12,687	F4:9,599	AF3:14,992	AF4:6,202	sad
1474254887	F3:12,689	F4:9,773	AF3:14,984	AF4:6,201	sad
1474254887	F3:12,747	F4:9,948	AF3:14,1009	AF4:6,216	sad
1474254887	F3:12,768	F4:9,1189	AF3:14,1023	AF4:6,225	sad
1474254887	F3:12,762	F4:9,1388	AF3:14,1015	AF4:6,235	sad
1474254887	F3:12,761	F4:9,1317	AF3:14,1006	AF4:6,226	sad
1474254887	F3:12,736	F4:9,1253	AF3:14,1001	AF4:6,213	sad
1474254887	F3:12,712	F4:9,1229	AF3:14,996	AF4:6,212	sad
1474254887	F3:12,728	F4:9,1071	AF3:14,1002	AF4:6,204	sad
1474254887	F3:12,726	F4:9,969	AF3:14,1008	AF4:6,205	sad
1474254887	F3:12,681	F4:9,1021	AF3:14,986	AF4:6,215	sad
1474254887	F3:12,659	F4:9,856	AF3:14,968	AF4:6,215	sad
1474254887	F3:12,647	F4:9,685	AF3:14,965	AF4:6,214	sad
1474254887	F3:12,646	F4:9,749	AF3:14,976	AF4:6,216	sad
1474254887	F3:12,630	F4:9,611	AF3:14,966	AF4:6,194	sad
1474254887	F3:12,626	F4:9,574	AF3:14,959	AF4:6,183	sad
1474254887	F3:12,646	F4:9,558	AF3:14,972	AF4:6,190	sad
1474254887	F3:12,678	F4:9,567	AF3:14,988	AF4:6,185	sad
1474254887	F3:12,692	F4:9,954	AF3:14,988	AF4:6,193	sad
1474254887	F3:12,722	F4:9,1258	AF3:14,994	AF4:6,218	sad
1474254887	F3:12,729	F4:9,1247	AF3:14,995	AF4:6,217	sad
1474254887	F3:12,702	F4:9,1258	AF3:14,991	AF4:6,209	sad
1474254887	F3:12,670	F4:9,1233	AF3:14,978	AF4:6,201	sad
1474254887	F3:12,662	F4:9,1127	AF3:14,969	AF4:6,190	sad
1474254887	F3:12,668	F4:9,1065	AF3:14,974	AF4:6,196	sad
1474254887	F3:12,675	F4:9,995	AF3:14,981	AF4:6,198	sad
1474254887	F3:12,699	F4:9,939	AF3:14,992	AF4:6,210	sad
1474254887	F3:12,724	F4:9,1037	AF3:14,1006	AF4:6,242	sad
1474254887	F3:12,729	F4:9,936	AF3:14,1016	AF4:6,245	sad
1474254887	F3:12,698	F4:9,679	AF3:14,1004	AF4:6,220	sad
1474254887	F3:12,703	F4:9,790	AF3:14,1000	AF4:6,225	sad
1474254887	F3:12,710	F4:9,758	AF3:14,1002	AF4:6,227	sad
1474254887	F3:12,715	F4:9,679	AF3:14,1008	AF4:6,214	sad
1474254887	F3:12,700	F4:9,741	AF3:14,999	AF4:6,207	sad
1474254887	F3:12,700	F4:9,781	AF3:14,991	AF4:6,201	sad
1474254887	F3:12,713	F4:9,1076	AF3:14,992	AF4:6,207	sad
1474254887	F3:12,718	F4:9,1333	AF3:14,994	AF4:6,223	sad
1474254887	F3:12,694	F4:9,1232	AF3:14,984	AF4:6,210	sad
1474254887	F3:12,694	F4:9,1223	AF3:14,983	AF4:6,207	sad
1474254887	F3:12,714	F4:9,1285	AF3:14,995	AF4:6,219	sad
1474254887	F3:12,702	F4:9,1084	AF3:14,997	AF4:6,203	sad
1474254887	F3:12,680	F4:9,928	AF3:14,992	AF4:6,196	sad
1474254887	F3:12,680	F4:9,1032	AF3:14,995	AF4:6,216	sad
1474254887	F3:12,684	F4:9,932	AF3:14,999	AF4:6,222	sad
1474254887	F3:12,660	F4:9,776	AF3:14,985	AF4:6,218	sad
1474254887	F3:12,662	F4:9,792	AF3:14,984	AF4:6,224	sad
1474254887	F3:12,655	F4:9,657	AF3:14,985	AF4:6,217	sad
1474254887	F3:12,652	F4:9,645	AF3:14,983	AF4:6,206	sad
1474254887	F3:12,647	F4:9,581	AF3:14,980	AF4:6,195	sad
1474254887	F3:12,672	F4:9,569	AF3:14,995	AF4:6,194	sad
1474254887	F3:12,702	F4:9,903	AF3:14,1001	AF4:6,212	sad
1474254887	F3:12,722	F4:9,1153	AF3:14,1006	AF4:6,222	sad
1474254887	F3:12,690	F4:9,1194	AF3:14,989	AF4:6,206	sad
1474254887	F3:12,651	F4:9,1229	AF3:14,965	AF4:6,201	sad
1474254887	F3:12,653	F4:9,1187	AF3:14,965	AF4:6,203	sad
1474254887	F3:12,668	F4:9,1134	AF3:14,978	AF4:6,193	sad
1474254887	F3:12,670	F4:9,1106	AF3:14,983	AF4:6,195	sad
1474254887	F3:12,649	F4:9,941	AF3:14,970	AF4:6,198	sad
1474254887	F3:12,635	F4:9,798	AF3:14,968	AF4:6,196	sad
1474254887	F3:12,647	F4:9,900	AF3:14,978	AF4:6,212	sad
1474254887	F3:12,676	F4:9,857	AF3:14,993	AF4:6,231	sad
1474254887	F3:12,677	F4:9,684	AF3:14,997	AF4:6,222	sad
1474254887	F3:12,687	F4:9,789	AF3:14,1004	AF4:6,219	sad
1474254887	F3:12,684	F4:9,738	AF3:14,1005	AF4:6,218	sad
1474254887	F3:12,689	F4:9,719	AF3:14,1011	AF4:6,214	sad
1474254887	F3:12,694	F4:9,736	AF3:14,1009	AF4:6,207	sad
1474254887	F3:12,696	F4:9,711	AF3:14,1004	AF4:6,201	sad
1474254887	F3:12,687	F4:9,1034	AF3:14,998	AF4:6,207	sad
1474254887	F3:12,684	F4:9,1265	AF3:14,986	AF4:6,217	sad
1474254887	F3:12,669	F4:9,1137	AF3:14,968	AF4:6,203	sad
1474254888	F3:12,680	F4:9,1204	AF3:14,983	AF4:6,203	sad
1474254888	F3:12,721	F4:9,1301	AF3:14,1016	AF4:6,225	sad
1474254888	F3:12,740	F4:9,1114	AF3:14,1025	AF4:6,220	sad
1474254888	F3:12,736	F4:9,1037	AF3:14,1025	AF4:6,218	sad
1474254888	F3:12,713	F4:9,1115	AF3:14,1020	AF4:6,229	sad
1474254888	F3:12,688	F4:9,981	AF3:14,1013	AF4:6,231	sad
1474254888	F3:12,680	F4:9,880	AF3:14,1003	AF4:6,233	sad
1474254888	F3:12,696	F4:9,865	AF3:14,1007	AF4:6,238	sad
1474254888	F3:12,696	F4:9,714	AF3:14,1014	AF4:6,231	sad
1474254888	F3:12,716	F4:9,769	AF3:14,1029	AF4:6,230	sad
1474254888	F3:12,700	F4:9,702	AF3:14,1014	AF4:6,216	sad
1474254888	F3:12,675	F4:9,628	AF3:14,1002	AF4:6,203	sad
1474254888	F3:12,710	F4:9,858	AF3:14,1022	AF4:6,221	sad
1474254888	F3:12,768	F4:9,1055	AF3:14,1040	AF4:6,240	sad
1474254888	F3:12,746	F4:9,1206	AF3:14,1019	AF4:6,231	sad
1474254888	F3:12,698	F4:9,1265	AF3:14,996	AF4:6,222	sad
1474254888	F3:12,713	F4:9,1198	AF3:14,1004	AF4:6,217	sad
1474254888	F3:12,711	F4:9,1195	AF3:14,1002	AF4:6,208	sad
1474254888	F3:12,677	F4:9,1172	AF3:14,992	AF4:6,209	sad
1474254888	F3:12,683	F4:9,1018	AF3:14,994	AF4:6,209	sad
1474254888	F3:12,705	F4:9,927	AF3:14,1004	AF4:6,216	sad
1474254888	F3:12,702	F4:9,1027	AF3:14,1007	AF4:6,228	sad
1474254888	F3:12,670	F4:9,893	AF3:14,990	AF4:6,227	sad
1474254888	F3:12,667	F4:9,725	AF3:14,982	AF4:6,229	sad
1474254888	F3:12,693	F4:9,782	AF3:14,996	AF4:6,235	sad
1474254888	F3:12,678	F4:9,645	AF3:14,992	AF4:6,220	sad
1474254888	F3:12,623	F4:9,568	AF3:14,961	AF4:6,194	sad
1474254888	F3:12,609	F4:9,545	AF3:14,957	AF4:6,181	sad
1474254888	F3:12,641	F4:9,518	AF3:14,974	AF4:6,181	sad
1474254888	F3:12,625	F4:9,887	AF3:14,958	AF4:6,187	sad
1474254888	F3:12,645	F4:9,1269	AF3:14,962	AF4:6,203	sad
1474254888	F3:12,675	F4:9,1296	AF3:14,974	AF4:6,208	sad
1474254888	F3:12,665	F4:9,1285	AF3:14,971	AF4:6,214	sad
1474254888	F3:12,627	F4:9,1305	AF3:14,953	AF4:6,201	sad
1474254888	F3:12,630	F4:9,1246	AF3:14,950	AF4:6,186	sad
1474254888	F3:12,622	F4:9,1052	AF3:14,945	AF4:6,186	sad
1474254888	F3:12,586	F4:9,827	AF3:14,933	AF4:6,174	sad
1474254888	F3:12,573	F4:9,664	AF3:14,928	AF4:6,167	sad
1474254888	F3:12,582	F4:9,734	AF3:14,931	AF4:6,191	sad
1474254888	F3:12,588	F4:9,661	AF3:14,938	AF4:6,202	sad
1474254888	F3:12,592	F4:9,482	AF3:14,944	AF4:6,192	sad
1474254888	F3:12,618	F4:9,618	AF3:14,956	AF4:6,202	sad
1474254888	F3:12,596	F4:9,455	AF3:14,938	AF4:6,188	sad
1474254888	F3:12,572	F4:9,371	AF3:14,924	AF4:6,163	sad
1474254888	F3:12,592	F4:9,644	AF3:14,935	AF4:6,171	sad
1474254888	F3:12,617	F4:9,740	AF3:14,941	AF4:6,176	sad
1474254888	F3:12,612	F4:9,990	AF3:14,935	AF4:6,175	sad
1474254888	F3:12,638	F4:9,1387	AF3:14,944	AF4:6,200	sad
1474254888	F3:12,643	F4:9,1404	AF3:14,944	AF4:6,203	sad
1474254888	F3:12,605	F4:9,1267	AF3:14,932	AF4:6,185	sad
1474254888	F3:12,578	F4:9,1254	AF3:14,922	AF4:6,180	sad
1474254888	F3:12,581	F4:9,1110	AF3:14,921	AF4:6,173	sad
1474254888	F3:12,571	F4:9,837	AF3:14,923	AF4:6,166	sad
1474254888	F3:12,566	F4:9,777	AF3:14,928	AF4:6,173	sad
1474254888	F3:12,573	F4:9,659	AF3:14,925	AF4:6,183	sad
1474254888	F3:12,563	F4:9,576	AF3:14,919	AF4:6,190	sad
1474254888	F3:12,571	F4:9,598	AF3:14,930	AF4:6,193	sad
1474254888	F3:12,567	F4:9,412	AF3:14,933	AF4:6,178	sad
1474254888	F3:12,574	F4:9,439	AF3:14,928	AF4:6,175	sad
1474254888	F3:12,578	F4:9,410	AF3:14,925	AF4:6,170	sad
1474254888	F3:12,579	F4:9,353	AF3:14,935	AF4:6,157	sad
1474254888	F3:12,572	F4:9,735	AF3:14,925	AF4:6,165	sad
1474254888	F3:12,587	F4:9,1108	AF3:14,917	AF4:6,184	sad
1474254888	F3:12,584	F4:9,1219	AF3:14,918	AF4:6,181	sad
1474254888	F3:12,593	F4:9,1303	AF3:14,927	AF4:6,187	sad
1474254888	F3:12,611	F4:9,1345	AF3:14,933	AF4:6,194	sad
1474254888	F3:12,600	F4:9,1255	AF3:14,933	AF4:6,186	sad
1474254888	F3:12,585	F4:9,1100	AF3:14,927	AF4:6,175	sad
1474254888	F3:12,604	F4:9,946	AF3:14,934	AF4:6,168	sad
1474254888	F3:12,614	F4:9,787	AF3:14,950	AF4:6,175	sad
1474254888	F3:12,594	F4:9,795	AF3:14,949	AF4:6,191	sad
1474254888	F3:12,585	F4:9,631	AF3:14,942	AF4:6,194	sad
1474254888	F3:12,570	F4:9,423	AF3:14,939	AF4:6,184	sad
1474254888	F3:12,593	F4:9,604	AF3:14,953	AF4:6,193	sad
1474254888	F3:12,598	F4:9,496	AF3:14,951	AF4:6,185	sad
1474254888	F3:12,573	F4:9,388	AF3:14,934	AF4:6,167	sad
1474254888	F3:12,574	F4:9,521	AF3:14,931	AF4:6,174	sad
1474254888	F3:12,618	F4:9,609	AF3:14,950	AF4:6,179	sad
1474254888	F3:12,618	F4:9,959	AF3:14,944	AF4:6,179	sad
1474254888	F3:12,628	F4:9,1365	AF3:14,947	AF4:6,199	sad
1474254888	F3:12,663	F4:9,1404	AF3:14,967	AF4:6,204	sad
1474254888	F3:12,664	F4:9,1331	AF3:14,971	AF4:6,196	sad
1474254888	F3:12,648	F4:9,1362	AF3:14,965	AF4:6,201	sad
1474254888	F3:12,647	F4:9,1269	AF3:14,966	AF4:6,198	sad
1474254888	F3:12,626	F4:9,999	AF3:14,955	AF4:6,183	sad
1474254888	F3:12,608	F4:9,859	AF3:14,947	AF4:6,182	sad
1474254888	F3:12,607	F4:9,745	AF3:14,957	AF4:6,192	sad
1474254888	F3:12,583	F4:9,705	AF3:14,949	AF4:6,198	sad
1474254888	F3:12,575	F4:9,626	AF3:14,938	AF4:6,196	sad
1474254888	F3:12,576	F4:9,417	AF3:14,943	AF4:6,185	sad
1474254888	F3:12,587	F4:9,512	AF3:14,955	AF4:6,187	sad
1474254888	F3:12,588	F4:6,416	AF3:14,949	AF4:6,176	sad
1474254888	F3:12,591	F4:6,342	AF3:14,945	AF4:6,159	sad
1474254888	F3:12,581	F4:6,684	AF3:14,937	AF4:6,163	sad
1474254888	F3:12,592	F4:6,927	AF3:14,940	AF4:6,177	sad
1474254888	F3:12,614	F4:6,1128	AF3:14,947	AF4:6,184	sad
1474254888	F3:12,627	F4:6,1375	AF3:14,954	AF4:6,196	sad
1474254888	F3:12,613	F4:6,1395	AF3:14,950	AF4:6,195	sad
1474254888	F3:12,591	F4:6,1277	AF3:14,938	AF4:6,184	sad
1474254888	F3:12,582	F4:6,1211	AF3:14,932	AF4:6,177	sad
1474254888	F3:12,580	F4:6,1054	AF3:14,939	AF4:6,166	sad
1474254888	F3:12,568	F4:6,782	AF3:14,937	AF4:6,161	sad
1474254888	F3:12,573	F4:6,764	AF3:14,937	AF4:6,178	sad
1474254888	F3:12,595	F4:6,657	AF3:14,955	AF4:6,195	sad
1474254888	F3:12,586	F4:6,506	AF3:14,953	AF4:6,195	sad
1474254888	F3:12,587	F4:6,597	AF3:14,947	AF4:6,191	sad
1474254888	F3:12,598	F4:6,472	AF3:14,959	AF4:6,183	sad
1474254888	F3:12,620	F4:6,481	AF3:14,976	AF4:6,184	sad
1474254888	F3:12,593	F4:6,500	AF3:14,953	AF4:6,172	sad
1474254888	F3:12,561	F4:6,455	AF3:14,934	AF4:6,150	sad
1474254888	F3:12,574	F4:6,862	AF3:14,940	AF4:6,164	sad
1474254888	F3:12,625	F4:6,1286	AF3:14,954	AF4:6,194	sad
1474254888	F3:12,619	F4:6,1319	AF3:14,943	AF4:6,187	sad
1474254888	F3:12,609	F4:6,1320	AF3:14,942	AF4:6,186	sad
1474254888	F3:12,639	F4:6,1406	AF3:14,958	AF4:6,200	sad
1474254888	F3:12,670	F4:6,1364	AF3:14,978	AF4:6,201	sad
1474254888	F3:12,686	F4:6,1189	AF3:14,994	AF4:6,202	sad
1474254888	F3:12,678	F4:6,1013	AF3:14,991	AF4:6,200	sad
1474254888	F3:12,647	F4:6,827	AF3:14,981	AF4:6,195	sad
1474254888	F3:12,614	F4:6,822	AF3:14,972	AF4:6,201	sad
1474254888	F3:12,601	F4:6,679	AF3:14,967	AF4:6,201	sad
1474254888	F3:12,591	F4:6,446	AF3:14,964	AF4:6,191	sad
1474254888	F3:12,617	F4:6,591	AF3:14,975	AF4:6,200	sad
1474254888	F3:12,599	F4:6,427	AF3:14,963	AF4:6,182	sad
1474254888	F3:12,579	F4:6,334	AF3:14,956	AF4:6,156	sad
1474254888	F3:12,618	F4:6,655	AF3:14,971	AF4:6,171	sad
1474254888	F3:12,638	F4:6,775	AF3:14,972	AF4:6,179	sad
1474254888	F3:12,609	F4:6,998	AF3:14,954	AF4:6,171	sad
1474254889	F3:12,665	F4:6,1446	AF3:14,979	AF4:6,206	sad
1474254889	F3:12,728	F4:6,1548	AF3:14,1011	AF4:6,230	sad
1474254889	F3:12,683	F4:6,1365	AF3:14,996	AF4:6,212	sad
1474254889	F3:12,631	F4:6,1319	AF3:14,971	AF4:6,200	sad
1474254889	F3:12,640	F4:6,1239	AF3:14,974	AF4:6,193	sad
1474254889	F3:12,627	F4:6,967	AF3:14,972	AF4:6,180	sad
1474254889	F3:12,582	F4:6,820	AF3:14,952	AF4:6,177	sad
1474254889	F3:12,560	F4:6,640	AF3:14,945	AF4:6,178	sad
1474254889	F3:12,564	F4:6,574	AF3:14,955	AF4:6,184	sad
1474254889	F3:12,597	F4:6,653	AF3:14,970	AF4:6,202	sad
1474254889	F3:12,596	F4:6,469	AF3:14,969	AF4:6,193	sad
1474254889	F3:12,587	F4:6,453	AF3:14,963	AF4:6,172	sad
1474254889	F3:12,588	F4:6,414	AF3:14,965	AF4:6,168	sad
1474254889	F3:12,622	F4:6,422	AF3:14,984	AF4:6,175	sad
1474254889	F3:11,651	F4:6,851	AF3:14,989	AF4:6,184	sad
1474254889	F3:11,678	F4:6,1197	AF3:14,997	AF4:6,202	sad
1474254889	F3:11,692	F4:6,1306	AF3:14,1011	AF4:6,215	sad
1474254889	F3:11,686	F4:6,1396	AF3:14,1008	AF4:6,217	sad
1474254889	F3:11,645	F4:6,1402	AF3:14,982	AF4:6,201	sad
1474254889	F3:11,630	F4:6,1348	AF3:14,982	AF4:6,193	sad
1474254889	F3:11,638	F4:6,1245	AF3:14,989	AF4:6,194	sad
1474254889	F3:11,598	F4:6,978	AF3:14,963	AF4:6,169	sad
1474254889	F3:11,555	F4:6,694	AF3:14,944	AF4:6,158	sad
1474254889	F3:11,569	F4:6,753	AF3:14,962	AF4:6,183	sad
1474254889	F3:11,588	F4:6,662	AF3:14,974	AF4:6,193	sad
1474254889	F3:11,561	F4:6,430	AF3:14,956	AF4:6,177	sad
1474254889	F3:11,597	F4:6,602	AF3:14,974	AF4:6,192	sad
1474254889	F3:11,615	F4:4,522	AF3:14,991	AF4:6,189	sad
1474254889	F3:11,569	F4:4,410	AF3:14,971	AF4:6,158	sad
1474254889	F3:11,539	F4:4,487	AF3:14,947	AF4:6,150	sad
1474254889	F3:11,587	F4:4,570	AF3:14,968	AF4:6,163	sad
1474254889	F3:11,585	F4:4,922	AF3:14,965	AF4:6,164	sad
1474254889	F3:11,558	F4:4,1268	AF3:14,939	AF4:6,168	sad
1474254889	F3:11,565	F4:4,1270	AF3:14,939	AF4:6,170	sad
1474254889	F3:11,556	F4:4,1175	AF3:14,944	AF4:6,166	sad
1474254889	F3:11,536	F4:4,1214	AF3:14,938	AF4:6,161	sad
1474254889	F3:11,552	F4:4,1165	AF3:14,944	AF4:6,162	sad
1474254889	F3:11,563	F4:4,916	AF3:14,954	AF4:6,163	sad
1474254889	F3:11,554	F4:4,760	AF3:14,950	AF4:6,154	sad
1474254889	F3:11,560	F4:4,658	AF3:14,958	AF4:6,165	sad
1474254889	F3:11,552	F4:4,658	AF3:14,964	AF4:6,189	sad
1474254889	F3:11,518	F4:4,550	AF3:14,945	AF4:6,179	sad
1474254889	F3:11,483	F4:4,293	AF3:14,920	AF4:6,143	sad
1474254889	F3:11,494	F4:4,378	AF3:14,926	AF4:6,143	sad
1474254889	F3:11,511	F4:4,310	AF3:14,940	AF4:6,140	sad
1474254889	F3:11,526	F4:4,282	AF3:14,946	AF4:6,131	sad
1474254889	F3:11,539	F4:4,651	AF3:14,943	AF4:6,150	sad
1474254889	F3:11,572	F4:4,901	AF3:14,957	AF4:6,164	sad
1474254889	F3:11,576	F4:4,1083	AF3:14,959	AF4:6,162	sad
1474254889	F3:11,579	F4:4,1315	AF3:14,959	AF4:6,179	sad
1474254889	F3:11,585	F4:4,1339	AF3:14,962	AF4:6,183	sad
1474254889	F3:11,582	F4:4,1235	AF3:14,967	AF4:6,170	sad
1474254889	F3:11,590	F4:4,1208	AF3:14,969	AF4:6,173	sad
1474254889	F3:11,601	F4:4,1072	AF3:14,970	AF4:6,170	sad
1474254889	F3:11,585	F4:4,812	AF3:14,971	AF4:6,165	sad
1474254889	F3:11,579	F4:4,798	AF3:14,978	AF4:6,182	sad
1474254889	F3:11,626	F4:4,724	AF3:14,1004	AF4:6,204	sad
1474254889	F3:11,637	F4:4,611	AF3:14,1007	AF4:6,207	sad
1474254889	F3:11,598	F4:4,645	AF3:14,990	AF4:6,198	sad
1474254889	F3:11,563	F4:4,434	AF3:14,975	AF4:6,176	sad
1474254889	F3:11,585	F4:4,442	AF3:14,988	AF4:6,169	sad
1474254889	F3:11,609	F4:4,523	AF3:14,1003	AF4:6,172	sad
1474254889	F3:11,627	F4:4,523	AF3:14,1013	AF4:6,174	sad
1474254889	F3:11,646	F4:4,927	AF3:14,1014	AF4:6,190	sad
1474254889	F3:11,664	F4:4,1314	AF3:14,1015	AF4:6,211	sad
1474254889	F3:11,655	F4:4,1348	AF3:14,1011	AF4:6,207	sad
1474254889	F3:11,661	F4:4,1370	AF3:14,1013	AF4:6,206	sad
1474254889	F3:11,681	F4:4,1443	AF3:14,1020	AF4:6,214	sad
1474254889	F3:11,691	F4:4,1383	AF3:14,1030	AF4:6,218	sad
1474254889	F3:11,685	F4:4,1197	AF3:14,1031	AF4:6,214	sad
1474254889	F3:11,663	F4:4,996	AF3:14,1020	AF4:6,195	sad
1474254889	F3:11,641	F4:4,825	AF3:14,1012	AF4:6,193	sad
1474254889	F3:11,647	F4:4,899	AF3:14,1014	AF4:6,222	sad
1474254889	F3:11,673	F4:4,812	AF3:14,1023	AF4:6,228	sad
1474254889	F3:11,631	F4:4,506	AF3:14,1003	AF4:6,193	sad
1474254889	F3:11,586	F4:4,554	AF3:14,986	AF4:6,181	sad
1474254889	F3:11,593	F4:4,463	AF3:14,985	AF4:6,182	sad
1474254889	F3:11,608	F4:4,404	AF3:14,988	AF4:6,168	sad
1474254889	F3:11,572	F4:4,562	AF3:14,970	AF4:6,153	sad
1474254889	F3:11,558	F4:4,652	AF3:14,962	AF4:6,152	sad
1474254889	F3:11,574	F4:4,975	AF3:14,961	AF4:6,169	sad
1474254889	F3:11,582	F4:4,1325	AF3:14,959	AF4:6,183	sad
1474254889	F3:11,549	F4:4,1304	AF3:14,947	AF4:6,163	sad
1474254889	F3:11,536	F4:4,1206	AF3:14,943	AF4:6,155	sad
1474254889	F3:11,562	F4:4,1255	AF3:14,951	AF4:6,169	sad
1474254889	F3:11,575	F4:4,1149	AF3:14,960	AF4:6,161	sad
1474254889	F3:11,551	F4:4,842	AF3:14,956	AF4:6,147	sad
1474254889	F3:11,539	F4:4,735	AF3:14,952	AF4:6,153	sad
1474254889	F3:11,556	F4:4,637	AF3:14,961	AF4:6,165	sad
1474254889	F3:11,539	F4:4,572	AF3:14,956	AF4:6,172	sad
1474254889	F3:11,517	F4:4,564	AF3:14,943	AF4:6,169	sad
1474254889	F3:11,495	F4:4,351	AF3:14,933	AF4:6,145	sad
1474254889	F3:11,490	F4:3,331	AF3:14,938	AF4:6,138	sad
1474254889	F3:11,474	F4:3,251	AF3:14,932	AF4:6,130	sad
1474254889	F3:11,507	F4:3,287	AF3:14,942	AF4:6,120	sad
1474254889	F3:11,562	F4:3,770	AF3:14,961	AF4:6,145	sad
1474254889	F3:11,576	F4:3,1098	AF3:14,964	AF4:6,168	sad
1474254889	F3:11,554	F4:3,1175	AF3:14,951	AF4:6,159	sad
1474254889	F3:11,562	F4:3,1294	AF3:14,959	AF4:6,164	sad
1474254889	F3:11,571	F4:3,1320	AF3:14,965	AF4:6,171	sad
1474254889	F3:11,556	F4:3,1197	AF3:14,957	AF4:6,158	sad
1474254889	F3:11,531	F4:3,1042	AF3:14,948	AF4:6,144	sad
1474254889	F3:11,495	F4:3,797	AF3:14,930	AF4:6,124	sad
1474254889	F3:11,479	F4:3,551	AF3:14,926	AF4:6,124	sad
1474254889	F3:11,495	F4:3,625	AF3:14,939	AF4:6,150	sad
1474254889	F3:11,514	F4:3,570	AF3:14,952	AF4:6,159	sad
1474254889	F3:11,485	F4:3,354	AF3:14,938	AF4:6,145	sad
1474254889	F3:11,483	F4:3,451	AF3:14,937	AF4:6,147	sad
1474254889	F3:11,497	F4:3,375	AF3:14,950	AF4:6,141	sad
1474254889	F3:11,508	F4:3,359	AF3:14,956	AF4:6,132	sad
1474254889	F3:11,494	F4:3,432	AF3:14,937	AF4:6,125	sad
1474254889	F3:11,486	F4:3,440	AF3:14,931	AF4:6,118	sad
1474254889	F3:11,478	F4:3,797	AF3:14,931	AF4:6,125	sad
1474254889	F3:11,487	F4:3,1159	AF3:14,925	AF4:6,142	sad
1474254889	F3:11,510	F4:3,1161	AF3:14,929	AF4:6,143	sad
1474254889	F3:11,524	F4:3,1141	AF3:14,947	AF4:6,147	sad
1474254889	F3:11,513	F4:3,1203	AF3:14,946	AF4:6,148	sad
1474254889	F3:11,512	F4:3,1091	AF3:14,946	AF4:6,138	sad
1474254889	F3:11,534	F4:3,861	AF3:14,967	AF4:6,147	sad
1474254889	F3:11,531	F4:3,730	AF3:14,974	AF4:6,152	sad
1474254889	F3:11,524	F4:3,619	AF3:14,977	AF4:6,151	sad
1474254889	F3:11,550	F4:3,671	AF3:14,987	AF4:6,174	sad
1474254889	F3:11,599	F4:3,679	AF3:14,1009	AF4:6,200	sad
1474254889	F3:11,600	F4:3,509	AF3:14,1018	AF4:6,189	sad
1474254889	F3:11,577	F4:3,557	AF3:14,1008	AF4:6,173	sad
1474254889	F3:11,542	F4:3,397	AF3:14,983	AF4:6,150	sad
1474254889	F3:11,553	F4:3,339	AF3:14,988	AF4:6,138	sad
1474254889	F3:11,585	F4:3,671	AF3:14,998	AF4:6,151	sad
